id,type,position,wt_aa,mut_aa,position_2,wt_aa_2,mut_aa_2,description,dg_kcal_mol,ddg_kcal_mol,dg_wt,distance_to_ligand,distance_to_ligand_2
SNP_84_QA,single,84,Q,A,,,,Q84A,-6.797,-0.297,-6.5,14.16,
SNP_84_QC,single,84,Q,C,,,,Q84C,-6.871,-0.371,-6.5,14.16,
SNP_84_QD,single,84,Q,D,,,,Q84D,-6.264,0.236,-6.5,14.16,
SNP_84_QE,single,84,Q,E,,,,Q84E,-6.289,0.211,-6.5,14.16,
SNP_84_QF,single,84,Q,F,,,,Q84F,-6.901,-0.401,-6.5,14.16,
SNP_84_QG,single,84,Q,G,,,,Q84G,-6.621,-0.121,-6.5,14.16,
SNP_84_QH,single,84,Q,H,,,,Q84H,-6.413,0.087,-6.5,14.16,
SNP_84_QI,single,84,Q,I,,,,Q84I,-7.032,-0.532,-6.5,14.16,
SNP_84_QK,single,84,Q,K,,,,Q84K,-6.24,0.26,-6.5,14.16,
SNP_84_QL,single,84,Q,L,,,,Q84L,-6.984,-0.484,-6.5,14.16,
SNP_84_QM,single,84,Q,M,,,,Q84M,-6.854,-0.354,-6.5,14.16,
SNP_84_QN,single,84,Q,N,,,,Q84N,-6.475,0.025,-6.5,14.16,
SNP_84_QR,single,84,Q,R,,,,Q84R,-6.181,0.319,-6.5,14.16,
SNP_84_QS,single,84,Q,S,,,,Q84S,-6.628,-0.128,-6.5,14.16,
SNP_84_QT,single,84,Q,T,,,,Q84T,-6.662,-0.162,-6.5,14.16,
SNP_84_QV,single,84,Q,V,,,,Q84V,-7.012,-0.512,-6.5,14.16,
SNP_84_QW,single,84,Q,W,,,,Q84W,-6.61,-0.11,-6.5,14.16,
SNP_84_QY,single,84,Q,Y,,,,Q84Y,-6.613,-0.113,-6.5,14.16,
SNP_85_VA,single,85,V,A,,,,V85A,-6.175,0.325,-6.5,10.85,
SNP_85_VC,single,85,V,C,,,,V85C,-6.286,0.214,-6.5,10.85,
SNP_85_VD,single,85,V,D,,,,V85D,-5.369,1.131,-6.5,10.85,
SNP_85_VE,single,85,V,E,,,,V85E,-5.39,1.11,-6.5,10.85,
SNP_85_VF,single,85,V,F,,,,V85F,-6.294,0.206,-6.5,10.85,
SNP_85_VG,single,85,V,G,,,,V85G,-5.909,0.591,-6.5,10.85,
SNP_85_VH,single,85,V,H,,,,V85H,-5.556,0.944,-6.5,10.85,
SNP_85_VI,single,85,V,I,,,,V85I,-6.492,0.008,-6.5,10.85,
SNP_85_VK,single,85,V,K,,,,V85K,-5.295,1.205,-6.5,10.85,
SNP_85_VL,single,85,V,L,,,,V85L,-6.42,0.08,-6.5,10.85,
SNP_85_VM,single,85,V,M,,,,V85M,-6.224,0.276,-6.5,10.85,
SNP_85_VN,single,85,V,N,,,,V85N,-5.688,0.812,-6.5,10.85,
SNP_85_VQ,single,85,V,Q,,,,V85Q,-5.688,0.812,-6.5,10.85,
SNP_85_VR,single,85,V,R,,,,V85R,-5.206,1.294,-6.5,10.85,
SNP_85_VS,single,85,V,S,,,,V85S,-5.919,0.581,-6.5,10.85,
SNP_85_VT,single,85,V,T,,,,V85T,-5.971,0.529,-6.5,10.85,
SNP_85_VW,single,85,V,W,,,,V85W,-5.855,0.645,-6.5,10.85,
SNP_85_VY,single,85,V,Y,,,,V85Y,-5.859,0.641,-6.5,10.85,
SNP_86_EA,single,86,E,A,,,,E86A,-6.664,-0.164,-6.5,10.16,
SNP_86_EC,single,86,E,C,,,,E86C,-6.785,-0.285,-6.5,10.16,
SNP_86_ED,single,86,E,D,,,,E86D,-6.46,0.04,-6.5,10.16,
SNP_86_EF,single,86,E,F,,,,E86F,-6.812,-0.312,-6.5,10.16,
SNP_86_EG,single,86,E,G,,,,E86G,-6.374,0.126,-6.5,10.16,
SNP_86_EH,single,86,E,H,,,,E86H,-6.008,0.492,-6.5,10.16,
SNP_86_EI,single,86,E,I,,,,E86I,-7.028,-0.528,-6.5,10.16,
SNP_86_EL,single,86,E,L,,,,E86L,-6.949,-0.449,-6.5,10.16,
SNP_86_EM,single,86,E,M,,,,E86M,-6.736,-0.236,-6.5,10.16,
SNP_86_EN,single,86,E,N,,,,E86N,-6.134,0.366,-6.5,10.16,
SNP_86_EQ,single,86,E,Q,,,,E86Q,-6.152,0.348,-6.5,10.16,
SNP_86_ES,single,86,E,S,,,,E86S,-6.385,0.115,-6.5,10.16,
SNP_86_ET,single,86,E,T,,,,E86T,-6.442,0.058,-6.5,10.16,
SNP_86_EV,single,86,E,V,,,,E86V,-7.019,-0.519,-6.5,10.16,
SNP_86_EW,single,86,E,W,,,,E86W,-6.334,0.166,-6.5,10.16,
SNP_86_EY,single,86,E,Y,,,,E86Y,-6.338,0.162,-6.5,10.16,
SNP_88_EA,single,88,E,A,,,,E88A,-6.666,-0.166,-6.5,10.07,
SNP_88_EC,single,88,E,C,,,,E88C,-6.788,-0.288,-6.5,10.07,
SNP_88_ED,single,88,E,D,,,,E88D,-6.459,0.041,-6.5,10.07,
SNP_88_EF,single,88,E,F,,,,E88F,-6.816,-0.316,-6.5,10.07,
SNP_88_EG,single,88,E,G,,,,E88G,-6.373,0.127,-6.5,10.07,
SNP_88_EH,single,88,E,H,,,,E88H,-6.003,0.497,-6.5,10.07,
SNP_88_EI,single,88,E,I,,,,E88I,-7.034,-0.534,-6.5,10.07,
SNP_88_EL,single,88,E,L,,,,E88L,-6.954,-0.454,-6.5,10.07,
SNP_88_EM,single,88,E,M,,,,E88M,-6.738,-0.238,-6.5,10.07,
SNP_88_EN,single,88,E,N,,,,E88N,-6.13,0.37,-6.5,10.07,
SNP_88_EQ,single,88,E,Q,,,,E88Q,-6.148,0.352,-6.5,10.07,
SNP_88_ES,single,88,E,S,,,,E88S,-6.384,0.116,-6.5,10.07,
SNP_88_ET,single,88,E,T,,,,E88T,-6.441,0.059,-6.5,10.07,
SNP_88_EV,single,88,E,V,,,,E88V,-7.025,-0.525,-6.5,10.07,
SNP_88_EW,single,88,E,W,,,,E88W,-6.332,0.168,-6.5,10.07,
SNP_88_EY,single,88,E,Y,,,,E88Y,-6.336,0.164,-6.5,10.07,
SNP_145_DA,single,145,D,A,,,,D145A,-6.583,-0.083,-6.5,17.34,
SNP_145_DC,single,145,D,C,,,,D145C,-6.633,-0.133,-6.5,17.34,
SNP_145_DE,single,145,D,E,,,,D145E,-6.484,0.016,-6.5,17.34,
SNP_145_DF,single,145,D,F,,,,D145F,-6.611,-0.111,-6.5,17.34,
SNP_145_DG,single,145,D,G,,,,D145G,-6.465,0.035,-6.5,17.34,
SNP_145_DH,single,145,D,H,,,,D145H,-6.283,0.217,-6.5,17.34,
SNP_145_DI,single,145,D,I,,,,D145I,-6.699,-0.199,-6.5,17.34,
SNP_145_DL,single,145,D,L,,,,D145L,-6.667,-0.167,-6.5,17.34,
SNP_145_DM,single,145,D,M,,,,D145M,-6.58,-0.08,-6.5,17.34,
SNP_145_DN,single,145,D,N,,,,D145N,-6.358,0.142,-6.5,17.34,
SNP_145_DQ,single,145,D,Q,,,,D145Q,-6.341,0.159,-6.5,17.34,
SNP_145_DS,single,145,D,S,,,,D145S,-6.47,0.03,-6.5,17.34,
SNP_145_DT,single,145,D,T,,,,D145T,-6.489,0.011,-6.5,17.34,
SNP_145_DV,single,145,D,V,,,,D145V,-6.702,-0.202,-6.5,17.34,
SNP_145_DW,single,145,D,W,,,,D145W,-6.416,0.084,-6.5,17.34,
SNP_145_DY,single,145,D,Y,,,,D145Y,-6.418,0.082,-6.5,17.34,
SNP_146_TA,single,146,T,A,,,,T146A,-6.638,-0.138,-6.5,13.98,
SNP_146_TC,single,146,T,C,,,,T146C,-6.713,-0.213,-6.5,13.98,
SNP_146_TD,single,146,T,D,,,,T146D,-6.093,0.407,-6.5,13.98,
SNP_146_TE,single,146,T,E,,,,T146E,-6.073,0.427,-6.5,13.98,
SNP_146_TF,single,146,T,F,,,,T146F,-6.685,-0.185,-6.5,13.98,
SNP_146_TG,single,146,T,G,,,,T146G,-6.458,0.042,-6.5,13.98,
SNP_146_TH,single,146,T,H,,,,T146H,-6.186,0.314,-6.5,13.98,
SNP_146_TI,single,146,T,I,,,,T146I,-6.819,-0.319,-6.5,13.98,
SNP_146_TK,single,146,T,K,,,,T146K,-6.009,0.491,-6.5,13.98,
SNP_146_TL,single,146,T,L,,,,T146L,-6.77,-0.27,-6.5,13.98,
SNP_146_TM,single,146,T,M,,,,T146M,-6.638,-0.138,-6.5,13.98,
SNP_146_TN,single,146,T,N,,,,T146N,-6.301,0.199,-6.5,13.98,
SNP_146_TP,single,146,T,P,,,,T146P,-6.433,0.067,-6.5,13.98,
SNP_146_TQ,single,146,T,Q,,,,T146Q,-6.276,0.224,-6.5,13.98,
SNP_146_TR,single,146,T,R,,,,T146R,-5.949,0.551,-6.5,13.98,
SNP_146_TS,single,146,T,S,,,,T146S,-6.465,0.035,-6.5,13.98,
SNP_146_TV,single,146,T,V,,,,T146V,-6.825,-0.325,-6.5,13.98,
SNP_146_TW,single,146,T,W,,,,T146W,-6.388,0.112,-6.5,13.98,
SNP_146_TY,single,146,T,Y,,,,T146Y,-6.391,0.109,-6.5,13.98,
SNP_147_FA,single,147,F,A,,,,F147A,-6.375,0.125,-6.5,16.17,
SNP_147_FC,single,147,F,C,,,,F147C,-6.432,0.068,-6.5,16.17,
SNP_147_FD,single,147,F,D,,,,F147D,-5.961,0.539,-6.5,16.17,
SNP_147_FE,single,147,F,E,,,,F147E,-5.98,0.52,-6.5,16.17,
SNP_147_FG,single,147,F,G,,,,F147G,-6.238,0.262,-6.5,16.17,
SNP_147_FH,single,147,F,H,,,,F147H,-6.085,0.415,-6.5,16.17,
SNP_147_FI,single,147,F,I,,,,F147I,-6.578,-0.078,-6.5,16.17,
SNP_147_FK,single,147,F,K,,,,F147K,-5.986,0.514,-6.5,16.17,
SNP_147_FL,single,147,F,L,,,,F147L,-6.541,-0.041,-6.5,16.17,
SNP_147_FM,single,147,F,M,,,,F147M,-6.441,0.059,-6.5,16.17,
SNP_147_FN,single,147,F,N,,,,F147N,-6.125,0.375,-6.5,16.17,
SNP_147_FQ,single,147,F,Q,,,,F147Q,-6.144,0.356,-6.5,16.17,
SNP_147_FR,single,147,F,R,,,,F147R,-5.941,0.559,-6.5,16.17,
SNP_147_FS,single,147,F,S,,,,F147S,-6.244,0.256,-6.5,16.17,
SNP_147_FT,single,147,F,T,,,,F147T,-6.27,0.23,-6.5,16.17,
SNP_147_FV,single,147,F,V,,,,F147V,-6.542,-0.042,-6.5,16.17,
SNP_147_FW,single,147,F,W,,,,F147W,-6.274,0.226,-6.5,16.17,
SNP_147_FY,single,147,F,Y,,,,F147Y,-6.276,0.224,-6.5,16.17,
SNP_151_IA,single,151,I,A,,,,I151A,-6.368,0.132,-6.5,19.63,
SNP_151_IC,single,151,I,C,,,,I151C,-6.405,0.095,-6.5,19.63,
SNP_151_ID,single,151,I,D,,,,I151D,-6.099,0.401,-6.5,19.63,
SNP_151_IE,single,151,I,E,,,,I151E,-6.112,0.388,-6.5,19.63,
SNP_151_IF,single,151,I,F,,,,I151F,-6.434,0.066,-6.5,19.63,
SNP_151_IG,single,151,I,G,,,,I151G,-6.279,0.221,-6.5,19.63,
SNP_151_IH,single,151,I,H,,,,I151H,-6.18,0.32,-6.5,19.63,
SNP_151_IK,single,151,I,K,,,,I151K,-6.101,0.399,-6.5,19.63,
SNP_151_IL,single,151,I,L,,,,I151L,-6.476,0.024,-6.5,19.63,
SNP_151_IM,single,151,I,M,,,,I151M,-6.411,0.089,-6.5,19.63,
SNP_151_IN,single,151,I,N,,,,I151N,-6.206,0.294,-6.5,19.63,
SNP_151_IQ,single,151,I,Q,,,,I151Q,-6.218,0.282,-6.5,19.63,
SNP_151_IR,single,151,I,R,,,,I151R,-6.071,0.429,-6.5,19.63,
SNP_151_IS,single,151,I,S,,,,I151S,-6.283,0.217,-6.5,19.63,
SNP_151_IT,single,151,I,T,,,,I151T,-6.3,0.2,-6.5,19.63,
SNP_151_IV,single,151,I,V,,,,I151V,-6.477,0.023,-6.5,19.63,
SNP_151_IW,single,151,I,W,,,,I151W,-6.288,0.212,-6.5,19.63,
SNP_151_IY,single,151,I,Y,,,,I151Y,-6.289,0.211,-6.5,19.63,
SNP_161_TA,single,161,T,A,,,,T161A,-6.644,-0.144,-6.5,13.66,
SNP_161_TC,single,161,T,C,,,,T161C,-6.722,-0.222,-6.5,13.66,
SNP_161_TD,single,161,T,D,,,,T161D,-6.077,0.423,-6.5,13.66,
SNP_161_TE,single,161,T,E,,,,T161E,-6.056,0.444,-6.5,13.66,
SNP_161_TF,single,161,T,F,,,,T161F,-6.693,-0.193,-6.5,13.66,
SNP_161_TG,single,161,T,G,,,,T161G,-6.456,0.044,-6.5,13.66,
SNP_161_TH,single,161,T,H,,,,T161H,-6.174,0.326,-6.5,13.66,
SNP_161_TI,single,161,T,I,,,,T161I,-6.832,-0.332,-6.5,13.66,
SNP_161_TK,single,161,T,K,,,,T161K,-5.989,0.511,-6.5,13.66,
SNP_161_TL,single,161,T,L,,,,T161L,-6.781,-0.281,-6.5,13.66,
SNP_161_TM,single,161,T,M,,,,T161M,-6.644,-0.144,-6.5,13.66,
SNP_161_TN,single,161,T,N,,,,T161N,-6.293,0.207,-6.5,13.66,
SNP_161_TP,single,161,T,P,,,,T161P,-6.43,0.07,-6.5,13.66,
SNP_161_TQ,single,161,T,Q,,,,T161Q,-6.267,0.233,-6.5,13.66,
SNP_161_TR,single,161,T,R,,,,T161R,-5.927,0.573,-6.5,13.66,
SNP_161_TS,single,161,T,S,,,,T161S,-6.464,0.036,-6.5,13.66,
SNP_161_TV,single,161,T,V,,,,T161V,-6.838,-0.338,-6.5,13.66,
SNP_161_TW,single,161,T,W,,,,T161W,-6.384,0.116,-6.5,13.66,
SNP_161_TY,single,161,T,Y,,,,T161Y,-6.387,0.113,-6.5,13.66,
SNP_163_VA,single,163,V,A,,,,V163A,-6.179,0.321,-6.5,10.97,
SNP_163_VC,single,163,V,C,,,,V163C,-6.289,0.211,-6.5,10.97,
SNP_163_VD,single,163,V,D,,,,V163D,-5.385,1.115,-6.5,10.97,
SNP_163_VE,single,163,V,E,,,,V163E,-5.405,1.095,-6.5,10.97,
SNP_163_VF,single,163,V,F,,,,V163F,-6.297,0.203,-6.5,10.97,
SNP_163_VG,single,163,V,G,,,,V163G,-5.917,0.583,-6.5,10.97,
SNP_163_VH,single,163,V,H,,,,V163H,-5.57,0.93,-6.5,10.97,
SNP_163_VI,single,163,V,I,,,,V163I,-6.492,0.008,-6.5,10.97,
SNP_163_VK,single,163,V,K,,,,V163K,-5.312,1.188,-6.5,10.97,
SNP_163_VL,single,163,V,L,,,,V163L,-6.421,0.079,-6.5,10.97,
SNP_163_VM,single,163,V,M,,,,V163M,-6.228,0.272,-6.5,10.97,
SNP_163_VN,single,163,V,N,,,,V163N,-5.7,0.8,-6.5,10.97,
SNP_163_VQ,single,163,V,Q,,,,V163Q,-5.7,0.8,-6.5,10.97,
SNP_163_VR,single,163,V,R,,,,V163R,-5.224,1.276,-6.5,10.97,
SNP_163_VS,single,163,V,S,,,,V163S,-5.927,0.573,-6.5,10.97,
SNP_163_VT,single,163,V,T,,,,V163T,-5.978,0.522,-6.5,10.97,
SNP_163_VW,single,163,V,W,,,,V163W,-5.864,0.636,-6.5,10.97,
SNP_163_VY,single,163,V,Y,,,,V163Y,-5.868,0.632,-6.5,10.97,
SNP_164_IA,single,164,I,A,,,,I164A,-6.021,0.479,-6.5,9.32,
SNP_164_IC,single,164,I,C,,,,I164C,-6.156,0.344,-6.5,9.32,
SNP_164_ID,single,164,I,D,,,,I164D,-5.046,1.454,-6.5,9.32,
SNP_164_IE,single,164,I,E,,,,I164E,-5.091,1.409,-6.5,9.32,
SNP_164_IF,single,164,I,F,,,,I164F,-6.261,0.239,-6.5,9.32,
SNP_164_IG,single,164,I,G,,,,I164G,-5.699,0.801,-6.5,9.32,
SNP_164_IH,single,164,I,H,,,,I164H,-5.338,1.162,-6.5,9.32,
SNP_164_IK,single,164,I,K,,,,I164K,-5.051,1.449,-6.5,9.32,
SNP_164_IL,single,164,I,L,,,,I164L,-6.413,0.087,-6.5,9.32,
SNP_164_IM,single,164,I,M,,,,I164M,-6.176,0.324,-6.5,9.32,
SNP_164_IN,single,164,I,N,,,,I164N,-5.432,1.068,-6.5,9.32,
SNP_164_IQ,single,164,I,Q,,,,I164Q,-5.477,1.023,-6.5,9.32,
SNP_164_IR,single,164,I,R,,,,I164R,-4.944,1.556,-6.5,9.32,
SNP_164_IS,single,164,I,S,,,,I164S,-5.712,0.788,-6.5,9.32,
SNP_164_IT,single,164,I,T,,,,I164T,-5.774,0.726,-6.5,9.32,
SNP_164_IV,single,164,I,V,,,,I164V,-6.415,0.085,-6.5,9.32,
SNP_164_IW,single,164,I,W,,,,I164W,-5.729,0.771,-6.5,9.32,
SNP_164_IY,single,164,I,Y,,,,I164Y,-5.734,0.766,-6.5,9.32,
SNP_165_GA,single,165,G,A,,,,G165A,-6.782,-0.282,-6.5,7.57,
SNP_165_GC,single,165,G,C,,,,G165C,-6.832,-0.332,-6.5,7.57,
SNP_165_GD,single,165,G,D,,,,G165D,-5.42,1.08,-6.5,7.57,
SNP_165_GE,single,165,G,E,,,,G165E,-5.364,1.136,-6.5,7.57,
SNP_165_GF,single,165,G,F,,,,G165F,-6.727,-0.227,-6.5,7.57,
SNP_165_GH,single,165,G,H,,,,G165H,-5.615,0.885,-6.5,7.57,
SNP_165_GI,single,165,G,I,,,,G165I,-7.025,-0.525,-6.5,7.57,
SNP_165_GK,single,165,G,K,,,,G165K,-5.221,1.279,-6.5,7.57,
SNP_165_GL,single,165,G,L,,,,G165L,-6.916,-0.416,-6.5,7.57,
SNP_165_GM,single,165,G,M,,,,G165M,-6.621,-0.121,-6.5,7.57,
SNP_165_GN,single,165,G,N,,,,G165N,-5.87,0.63,-6.5,7.57,
SNP_165_GP,single,165,G,P,,,,G165P,-6.183,0.317,-6.5,7.57,
SNP_165_GQ,single,165,G,Q,,,,G165Q,-5.814,0.686,-6.5,7.57,
SNP_165_GR,single,165,G,R,,,,G165R,-5.088,1.412,-6.5,7.57,
SNP_165_GS,single,165,G,S,,,,G165S,-6.36,0.14,-6.5,7.57,
SNP_165_GT,single,165,G,T,,,,G165T,-6.314,0.186,-6.5,7.57,
SNP_165_GV,single,165,G,V,,,,G165V,-7.037,-0.537,-6.5,7.57,
SNP_167_PA,single,167,P,A,,,,P167A,-7.062,-0.562,-6.5,5.91,
SNP_168_GA,single,168,G,A,,,,G168A,-6.804,-0.304,-6.5,7.0,
SNP_168_GC,single,168,G,C,,,,G168C,-6.857,-0.357,-6.5,7.0,
SNP_168_GD,single,168,G,D,,,,G168D,-5.339,1.161,-6.5,7.0,
SNP_168_GE,single,168,G,E,,,,G168E,-5.279,1.221,-6.5,7.0,
SNP_168_GF,single,168,G,F,,,,G168F,-6.743,-0.243,-6.5,7.0,
SNP_168_GH,single,168,G,H,,,,G168H,-5.549,0.951,-6.5,7.0,
SNP_168_GI,single,168,G,I,,,,G168I,-7.064,-0.564,-6.5,7.0,
SNP_168_GK,single,168,G,K,,,,G168K,-5.126,1.374,-6.5,7.0,
SNP_168_GL,single,168,G,L,,,,G168L,-6.947,-0.447,-6.5,7.0,
SNP_168_GM,single,168,G,M,,,,G168M,-6.63,-0.13,-6.5,7.0,
SNP_168_GN,single,168,G,N,,,,G168N,-5.823,0.677,-6.5,7.0,
SNP_168_GP,single,168,G,P,,,,G168P,-6.16,0.34,-6.5,7.0,
SNP_168_GQ,single,168,G,Q,,,,G168Q,-5.763,0.737,-6.5,7.0,
SNP_168_GR,single,168,G,R,,,,G168R,-4.982,1.518,-6.5,7.0,
SNP_168_GS,single,168,G,S,,,,G168S,-6.35,0.15,-6.5,7.0,
SNP_168_GT,single,168,G,T,,,,G168T,-6.3,0.2,-6.5,7.0,
SNP_168_GV,single,168,G,V,,,,G168V,-7.077,-0.577,-6.5,7.0,
SNP_171_FA,single,171,F,A,,,,F171A,-6.147,0.353,-6.5,7.87,
SNP_171_FC,single,171,F,C,,,,F171C,-6.308,0.192,-6.5,7.87,
SNP_171_FD,single,171,F,D,,,,F171D,-4.977,1.523,-6.5,7.87,
SNP_171_FE,single,171,F,E,,,,F171E,-5.031,1.469,-6.5,7.87,
SNP_171_FG,single,171,F,G,,,,F171G,-5.761,0.739,-6.5,7.87,
SNP_171_FH,single,171,F,H,,,,F171H,-5.327,1.173,-6.5,7.87,
SNP_171_FI,single,171,F,I,,,,F171I,-6.721,-0.221,-6.5,7.87,
SNP_171_FK,single,171,F,K,,,,F171K,-5.049,1.451,-6.5,7.87,
SNP_171_FL,single,171,F,L,,,,F171L,-6.617,-0.117,-6.5,7.87,
SNP_171_FM,single,171,F,M,,,,F171M,-6.332,0.168,-6.5,7.87,
SNP_171_FN,single,171,F,N,,,,F171N,-5.441,1.059,-6.5,7.87,
SNP_171_FQ,single,171,F,Q,,,,F171Q,-5.494,1.006,-6.5,7.87,
SNP_171_FR,single,171,F,R,,,,F171R,-4.92,1.58,-6.5,7.87,
SNP_171_FS,single,171,F,S,,,,F171S,-5.776,0.724,-6.5,7.87,
SNP_171_FT,single,171,F,T,,,,F171T,-5.851,0.649,-6.5,7.87,
SNP_171_FV,single,171,F,V,,,,F171V,-6.62,-0.12,-6.5,7.87,
SNP_171_FW,single,171,F,W,,,,F171W,-5.863,0.637,-6.5,7.87,
SNP_171_FY,single,171,F,Y,,,,F171Y,-5.869,0.631,-6.5,7.87,
DBL_84_A_85_A,double,84,Q,A,85,V,A,Q84A+V85A,-6.388,0.112,-6.5,14.16,10.85
DBL_84_A_85_C,double,84,Q,A,85,V,C,Q84A+V85C,-6.477,0.023,-6.5,14.16,10.85
DBL_84_A_85_D,double,84,Q,A,85,V,D,Q84A+V85D,-5.744,0.756,-6.5,14.16,10.85
DBL_84_A_85_E,double,84,Q,A,85,V,E,Q84A+V85E,-5.76,0.74,-6.5,14.16,10.85
DBL_84_A_85_F,double,84,Q,A,85,V,F,Q84A+V85F,-6.484,0.016,-6.5,14.16,10.85
DBL_84_A_85_G,double,84,Q,A,85,V,G,Q84A+V85G,-6.176,0.324,-6.5,14.16,10.85
DBL_84_A_85_H,double,84,Q,A,85,V,H,Q84A+V85H,-5.893,0.607,-6.5,14.16,10.85
DBL_84_A_85_I,double,84,Q,A,85,V,I,Q84A+V85I,-6.642,-0.142,-6.5,14.16,10.85
DBL_84_A_85_K,double,84,Q,A,85,V,K,Q84A+V85K,-5.684,0.816,-6.5,14.16,10.85
DBL_84_A_85_L,double,84,Q,A,85,V,L,Q84A+V85L,-6.584,-0.084,-6.5,14.16,10.85
DBL_84_A_85_M,double,84,Q,A,85,V,M,Q84A+V85M,-6.428,0.072,-6.5,14.16,10.85
DBL_84_A_85_N,double,84,Q,A,85,V,N,Q84A+V85N,-5.999,0.501,-6.5,14.16,10.85
DBL_84_A_85_Q,double,84,Q,A,85,V,Q,Q84A+V85Q,-5.999,0.501,-6.5,14.16,10.85
DBL_84_A_85_R,double,84,Q,A,85,V,R,Q84A+V85R,-5.613,0.887,-6.5,14.16,10.85
DBL_84_A_85_S,double,84,Q,A,85,V,S,Q84A+V85S,-6.184,0.316,-6.5,14.16,10.85
DBL_84_A_85_T,double,84,Q,A,85,V,T,Q84A+V85T,-6.225,0.275,-6.5,14.16,10.85
DBL_84_A_85_W,double,84,Q,A,85,V,W,Q84A+V85W,-6.133,0.367,-6.5,14.16,10.85
DBL_84_A_85_Y,double,84,Q,A,85,V,Y,Q84A+V85Y,-6.136,0.364,-6.5,14.16,10.85
DBL_84_A_86_A,double,84,Q,A,86,E,A,Q84A+E86A,-6.78,-0.28,-6.5,14.16,10.16
DBL_84_A_86_C,double,84,Q,A,86,E,C,Q84A+E86C,-6.877,-0.377,-6.5,14.16,10.16
DBL_84_A_86_D,double,84,Q,A,86,E,D,Q84A+E86D,-6.617,-0.117,-6.5,14.16,10.16
DBL_84_A_86_F,double,84,Q,A,86,E,F,Q84A+E86F,-6.898,-0.398,-6.5,14.16,10.16
DBL_84_A_86_G,double,84,Q,A,86,E,G,Q84A+E86G,-6.548,-0.048,-6.5,14.16,10.16
DBL_84_A_86_H,double,84,Q,A,86,E,H,Q84A+E86H,-6.255,0.245,-6.5,14.16,10.16
DBL_84_A_86_I,double,84,Q,A,86,E,I,Q84A+E86I,-7.071,-0.571,-6.5,14.16,10.16
DBL_84_A_86_L,double,84,Q,A,86,E,L,Q84A+E86L,-7.008,-0.508,-6.5,14.16,10.16
DBL_84_A_86_M,double,84,Q,A,86,E,M,Q84A+E86M,-6.837,-0.337,-6.5,14.16,10.16
DBL_84_A_86_N,double,84,Q,A,86,E,N,Q84A+E86N,-6.356,0.144,-6.5,14.16,10.16
DBL_84_A_86_Q,double,84,Q,A,86,E,Q,Q84A+E86Q,-6.37,0.13,-6.5,14.16,10.16
DBL_84_A_86_S,double,84,Q,A,86,E,S,Q84A+E86S,-6.556,-0.056,-6.5,14.16,10.16
DBL_84_A_86_T,double,84,Q,A,86,E,T,Q84A+E86T,-6.602,-0.102,-6.5,14.16,10.16
DBL_84_A_86_V,double,84,Q,A,86,E,V,Q84A+E86V,-7.064,-0.564,-6.5,14.16,10.16
DBL_84_A_86_W,double,84,Q,A,86,E,W,Q84A+E86W,-6.516,-0.016,-6.5,14.16,10.16
DBL_84_A_86_Y,double,84,Q,A,86,E,Y,Q84A+E86Y,-6.519,-0.019,-6.5,14.16,10.16
DBL_84_A_88_A,double,84,Q,A,88,E,A,Q84A+E88A,-6.781,-0.281,-6.5,14.16,10.07
DBL_84_A_88_C,double,84,Q,A,88,E,C,Q84A+E88C,-6.879,-0.379,-6.5,14.16,10.07
DBL_84_A_88_D,double,84,Q,A,88,E,D,Q84A+E88D,-6.616,-0.116,-6.5,14.16,10.07
DBL_84_A_88_F,double,84,Q,A,88,E,F,Q84A+E88F,-6.901,-0.401,-6.5,14.16,10.07
DBL_84_A_88_G,double,84,Q,A,88,E,G,Q84A+E88G,-6.547,-0.047,-6.5,14.16,10.07
DBL_84_A_88_H,double,84,Q,A,88,E,H,Q84A+E88H,-6.251,0.249,-6.5,14.16,10.07
DBL_84_A_88_I,double,84,Q,A,88,E,I,Q84A+E88I,-7.076,-0.576,-6.5,14.16,10.07
DBL_84_A_88_L,double,84,Q,A,88,E,L,Q84A+E88L,-7.012,-0.512,-6.5,14.16,10.07
DBL_84_A_88_M,double,84,Q,A,88,E,M,Q84A+E88M,-6.839,-0.339,-6.5,14.16,10.07
DBL_84_A_88_N,double,84,Q,A,88,E,N,Q84A+E88N,-6.353,0.147,-6.5,14.16,10.07
DBL_84_A_88_Q,double,84,Q,A,88,E,Q,Q84A+E88Q,-6.367,0.133,-6.5,14.16,10.07
DBL_84_A_88_S,double,84,Q,A,88,E,S,Q84A+E88S,-6.556,-0.056,-6.5,14.16,10.07
DBL_84_A_88_T,double,84,Q,A,88,E,T,Q84A+E88T,-6.601,-0.101,-6.5,14.16,10.07
DBL_84_A_88_V,double,84,Q,A,88,E,V,Q84A+E88V,-7.068,-0.568,-6.5,14.16,10.07
DBL_84_A_88_W,double,84,Q,A,88,E,W,Q84A+E88W,-6.514,-0.014,-6.5,14.16,10.07
DBL_84_A_88_Y,double,84,Q,A,88,E,Y,Q84A+E88Y,-6.517,-0.017,-6.5,14.16,10.07
DBL_84_A_145_A,double,84,Q,A,145,D,A,Q84A+D145A,-6.715,-0.215,-6.5,14.16,17.34
DBL_84_A_145_C,double,84,Q,A,145,D,C,Q84A+D145C,-6.755,-0.255,-6.5,14.16,17.34
DBL_84_A_145_E,double,84,Q,A,145,D,E,Q84A+D145E,-6.636,-0.136,-6.5,14.16,17.34
DBL_84_A_145_F,double,84,Q,A,145,D,F,Q84A+D145F,-6.737,-0.237,-6.5,14.16,17.34
DBL_84_A_145_G,double,84,Q,A,145,D,G,Q84A+D145G,-6.62,-0.12,-6.5,14.16,17.34
DBL_84_A_145_H,double,84,Q,A,145,D,H,Q84A+D145H,-6.475,0.025,-6.5,14.16,17.34
DBL_84_A_145_I,double,84,Q,A,145,D,I,Q84A+D145I,-6.808,-0.308,-6.5,14.16,17.34
DBL_84_A_145_L,double,84,Q,A,145,D,L,Q84A+D145L,-6.782,-0.282,-6.5,14.16,17.34
DBL_84_A_145_M,double,84,Q,A,145,D,M,Q84A+D145M,-6.712,-0.212,-6.5,14.16,17.34
DBL_84_A_145_N,double,84,Q,A,145,D,N,Q84A+D145N,-6.535,-0.035,-6.5,14.16,17.34
